{
    "images": [
        {
            "height": 262,
            "width": 540,
            "id": 0,
            "file_name": "36.jpg"
        },
        {
            "height": 230,
            "width": 220,
            "id": 1,
            "file_name": "2.jpg"
        },
        {
            "height": 183,
            "width": 275,
            "id": 2,
            "file_name": "7.jpg"
        },
        {
            "height": 1281,
            "width": 1920,
            "id": 3,
            "file_name": "1.jpg"
        },
        {
            "height": 500,
            "width": 500,
            "id": 4,
            "file_name": "34.jpg"
        },
        {
            "height": 720,
            "width": 960,
            "id": 5,
            "file_name": "14.jpg"
        },
        {
            "height": 530,
            "width": 1080,
            "id": 6,
            "file_name": "10.jpg"
        },
        {
            "height": 210,
            "width": 210,
            "id": 7,
            "file_name": "9.jpg"
        },
        {
            "height": 1487,
            "width": 3226,
            "id": 8,
            "file_name": "12.jpg"
        },
        {
            "height": 528,
            "width": 650,
            "id": 9,
            "file_name": "22.jpg"
        },
        {
            "height": 183,
            "width": 275,
            "id": 10,
            "file_name": "3.jpg"
        },
        {
            "height": 900,
            "width": 900,
            "id": 11,
            "file_name": "23.jpg"
        },
        {
            "height": 183,
            "width": 276,
            "id": 12,
            "file_name": "5.jpg"
        },
        {
            "height": 600,
            "width": 600,
            "id": 13,
            "file_name": "18.jpg"
        },
        {
            "height": 246,
            "width": 468,
            "id": 14,
            "file_name": "20.jpg"
        },
        {
            "height": 250,
            "width": 700,
            "id": 15,
            "file_name": "21.jpg"
        },
        {
            "height": 384,
            "width": 512,
            "id": 16,
            "file_name": "35.jpg"
        },
        {
            "height": 1067,
            "width": 1600,
            "id": 17,
            "file_name": "13.jpg"
        },
        {
            "height": 450,
            "width": 600,
            "id": 18,
            "file_name": "17.jpg"
        },
        {
            "height": 331,
            "width": 588,
            "id": 19,
            "file_name": "33.jpg"
        },
        {
            "height": 1066,
            "width": 1600,
            "id": 20,
            "file_name": "16.jpg"
        },
        {
            "height": 800,
            "width": 800,
            "id": 21,
            "file_name": "19.jpg"
        },
        {
            "height": 1066,
            "width": 1600,
            "id": 22,
            "file_name": "15.jpg"
        }
    ],
    "categories": [
        {
            "supercategory": "polyu",
            "id": 0,
            "name": "polyu"
        }
    ],
    "annotations": [
        {
            "segmentation": [
                [
                    463.2857142857143,
                    92.28571428571428,
                    465.3265306122449,
                    104.0204081632653,
                    469.40816326530614,
                    109.63265306122449,
                    483.6938775510204,
                    111.16326530612244,
                    504.6122448979592,
                    97.89795918367346,
                    499.51020408163265,
                    71.87755102040816,
                    493.8979591836735,
                    62.69387755102042,
                    482.16326530612247,
                    63.20408163265307,
                    467.8775510204082,
                    69.32653061224491
                ]
            ],
            "iscrowd": 0,
            "area": 1532.9550187421846,
            "image_id": 0,
            "bbox": [
                463.0,
                62.0,
                41.0,
                49.0
            ],
            "category_id": 0,
            "id": 1
        },
        {
            "segmentation": [
                [
                    48.35446685878962,
                    90.77809798270893,
                    52.10086455331411,
                    93.65994236311239,
                    55.27089337175792,
                    97.11815561959654,
                    61.32276657060518,
                    95.38904899135446,
                    67.37463976945244,
                    89.62536023054754,
                    66.5100864553314,
                    82.99711815561959,
                    60.45821325648414,
                    79.53890489913545,
                    56.711815561959654,
                    77.80979827089337,
                    51.52449567723342,
                    81.55619596541786,
                    48.64265129682997,
                    85.01440922190201
                ]
            ],
            "iscrowd": 0,
            "area": 250.35503990565485,
            "image_id": 1,
            "bbox": [
                48.0,
                77.0,
                19.0,
                20.0
            ],
            "category_id": 0,
            "id": 2
        },
        {
            "segmentation": [
                [
                    167.08645533141208,
                    113.25648414985591,
                    170.8328530259366,
                    114.12103746397693,
                    174.0028818443804,
                    112.96829971181556,
                    176.0201729106628,
                    109.79827089337175,
                    176.88472622478386,
                    107.20461095100863,
                    174.86743515850142,
                    104.32276657060518,
                    171.40922190201726,
                    101.72910662824206,
                    166.79827089337175,
                    100.86455331412103,
                    165.64553314121036,
                    104.03458213256484,
                    163.62824207492795,
                    107.20461095100863,
                    163.62824207492795,
                    110.37463976945244
                ]
            ],
            "iscrowd": 0,
            "area": 123.16355089735589,
            "image_id": 1,
            "bbox": [
                163.0,
                100.0,
                13.0,
                14.0
            ],
            "category_id": 0,
            "id": 3
        },
        {
            "segmentation": [
                [
                    201.8134715025907,
                    24.751295336787564,
                    207.77202072538861,
                    27.3419689119171,
                    212.43523316062178,
                    25.78756476683938,
                    219.17098445595855,
                    12.575129533678759,
                    215.0259067357513,
                    9.466321243523318,
                    210.1036269430052,
                    8.430051813471504,
                    207.2538860103627,
                    11.020725388601036
                ]
            ],
            "iscrowd": 0,
            "area": 193.52868533383662,
            "image_id": 2,
            "bbox": [
                201.0,
                8.0,
                18.0,
                19.0
            ],
            "category_id": 0,
            "id": 4
        },
        {
            "segmentation": [
                [
                    943.5483870967741,
                    883.8709677419355,
                    1043.936170212766,
                    977.9148936170211,
                    1141.8085106382978,
                    875.7872340425531,
                    1041.9354838709678,
                    780.6451612903226,
                    1000.0,
                    814.516129032258
                ]
            ],
            "iscrowd": 0,
            "area": 20061.626239077654,
            "image_id": 3,
            "bbox": [
                943.0,
                780.0,
                198.0,
                197.0
            ],
            "category_id": 0,
            "id": 5
        },
        {
            "segmentation": [
                [
                    249.96226415094338,
                    126.67295597484276,
                    290.2138364779874,
                    145.54088050314465,
                    338.0125786163522,
                    194.59748427672955,
                    371.3459119496855,
                    243.0251572327044,
                    369.45911949685535,
                    264.40880503144655,
                    339.8993710691824,
                    304.0314465408805,
                    270.08805031446536,
                    372.58490566037733,
                    241.15723270440247,
                    371.3270440251572,
                    214.74213836477986,
                    356.8616352201258,
                    154.99371069182388,
                    292.71069182389937,
                    128.57861635220124,
                    259.37735849056605,
                    130.46540880503144,
                    228.55974842767296,
                    146.81761006289307,
                    210.32075471698113,
                    234.23899371069183,
                    130.44654088050314
                ]
            ],
            "iscrowd": 0,
            "area": 37707.17139353661,
            "image_id": 4,
            "bbox": [
                128.0,
                126.0,
                243.0,
                246.0
            ],
            "category_id": 0,
            "id": 6
        },
        {
            "segmentation": [
                [
                    194.27272727272725,
                    157.9090909090909,
                    221.54545454545453,
                    180.63636363636363,
                    246.09090909090907,
                    154.27272727272725,
                    224.27272727272725,
                    132.45454545454544
                ]
            ],
            "iscrowd": 0,
            "area": 1243.3884297520854,
            "image_id": 5,
            "bbox": [
                194.0,
                132.0,
                52.0,
                48.0
            ],
            "category_id": 0,
            "id": 7
        },
        {
            "segmentation": [
                [
                    348.8181818181818,
                    273.3636363636363,
                    428.81818181818176,
                    353.3636363636363,
                    539.7272727272726,
                    347.0,
                    602.4545454545454,
                    253.36363636363632,
                    585.1818181818181,
                    220.63636363636363,
                    503.3636363636363,
                    148.8181818181818,
                    483.3636363636363,
                    134.27272727272725,
                    460.6363636363636,
                    138.8181818181818,
                    446.99999999999994,
                    145.18181818181816,
                    361.5454545454545,
                    230.63636363636363,
                    345.18181818181813,
                    253.36363636363632
                ]
            ],
            "iscrowd": 0,
            "area": 36598.76033057843,
            "image_id": 5,
            "bbox": [
                345.0,
                134.0,
                257.0,
                219.0
            ],
            "category_id": 0,
            "id": 8
        },
        {
            "segmentation": [
                [
                    570.4489795918367,
                    71.26530612244898,
                    616.3673469387755,
                    113.10204081632654,
                    660.2448979591837,
                    55.9591836734694,
                    625.5510204081633,
                    24.32653061224491,
                    612.2857142857143,
                    24.32653061224491
                ]
            ],
            "iscrowd": 0,
            "area": 4226.884631403576,
            "image_id": 6,
            "bbox": [
                570.0,
                24.0,
                90.0,
                89.0
            ],
            "category_id": 0,
            "id": 9
        },
        {
            "segmentation": [
                [
                    112.05263157894737,
                    87.89473684210526,
                    134.42105263157893,
                    106.57894736842104,
                    151.52631578947367,
                    102.10526315789473,
                    160.21052631578945,
                    90.26315789473684,
                    170.99999999999997,
                    77.63157894736841,
                    165.4736842105263,
                    67.63157894736841,
                    151.26315789473682,
                    54.473684210526315,
                    141.52631578947367,
                    47.63157894736842,
                    134.68421052631578,
                    46.05263157894736,
                    127.57894736842104,
                    51.315789473684205,
                    117.05263157894737,
                    59.99999999999999,
                    109.42105263157893,
                    71.84210526315789,
                    108.10526315789474,
                    80.52631578947368
                ]
            ],
            "iscrowd": 0,
            "area": 2411.599722991683,
            "image_id": 7,
            "bbox": [
                108.0,
                46.0,
                62.0,
                60.0
            ],
            "category_id": 0,
            "id": 10
        },
        {
            "segmentation": [
                [
                    821.75,
                    124.125,
                    859.25,
                    164.75,
                    906.125,
                    133.5,
                    865.5,
                    99.125
                ]
            ],
            "iscrowd": 0,
            "area": 2797.8515625,
            "image_id": 8,
            "bbox": [
                821.0,
                99.0,
                85.0,
                65.0
            ],
            "category_id": 0,
            "id": 11
        },
        {
            "segmentation": [
                [
                    2434.25,
                    1049.125,
                    2506.125,
                    1111.625,
                    2562.375,
                    1030.375,
                    2496.75,
                    961.625
                ]
            ],
            "iscrowd": 0,
            "area": 9697.265625,
            "image_id": 8,
            "bbox": [
                2434.0,
                961.0,
                128.0,
                150.0
            ],
            "category_id": 0,
            "id": 12
        },
        {
            "segmentation": [
                [
                    150.158940397351,
                    467.5496688741722,
                    174.66225165562915,
                    492.05298013245033,
                    188.56953642384107,
                    496.6887417218543,
                    225.65562913907286,
                    456.95364238410593,
                    221.68211920529802,
                    451.65562913907286,
                    193.20529801324503,
                    423.1788079470199,
                    183.27152317880794,
                    419.8675496688742,
                    170.02649006622516,
                    424.50331125827813,
                    155.4569536423841,
                    441.0596026490066,
                    145.523178807947,
                    450.9933774834437
                ]
            ],
            "iscrowd": 0,
            "area": 3667.8215867725667,
            "image_id": 9,
            "bbox": [
                145.0,
                419.0,
                80.0,
                77.0
            ],
            "category_id": 0,
            "id": 13
        },
        {
            "segmentation": [
                [
                    221.68211920529802,
                    349.00662251655626,
                    407.7748344370861,
                    390.0662251655629,
                    471.35099337748346,
                    384.10596026490066,
                    521.682119205298,
                    342.3841059602649,
                    532.2781456953643,
                    314.56953642384104,
                    562.7417218543046,
                    154.96688741721854,
                    569.364238410596,
                    106.62251655629139,
                    554.1324503311258,
                    52.317880794701985,
                    548.1721854304636,
                    42.384105960264904,
                    520.3576158940398,
                    34.437086092715234,
                    438.9006622516556,
                    43.70860927152318,
                    313.73509933774835,
                    73.50993377483444,
                    281.28476821192055,
                    90.06622516556291,
                    258.7682119205298,
                    113.90728476821192,
                    201.1523178807947,
                    204.63576158940398,
                    183.27152317880794,
                    237.74834437086093,
                    169.36423841059602,
                    266.2251655629139,
                    166.71523178807948,
                    294.03973509933775,
                    181.28476821192052,
                    315.2317880794702,
                    199.82781456953643,
                    335.0993377483444
                ]
            ],
            "iscrowd": 0,
            "area": 105693.60992938909,
            "image_id": 9,
            "bbox": [
                166.0,
                34.0,
                403.0,
                356.0
            ],
            "category_id": 0,
            "id": 14
        },
        {
            "segmentation": [
                [
                    190.5562913907285,
                    309.9337748344371,
                    279.96026490066225,
                    323.841059602649,
                    397.1788079470199,
                    343.046357615894,
                    430.2913907284768,
                    339.07284768211923,
                    494.5298013245033,
                    299.3377483443709,
                    554.794701986755,
                    96.6887417218543,
                    557.4437086092715,
                    65.56291390728477,
                    549.4966887417219,
                    45.033112582781456,
                    521.682119205298,
                    35.09933774834437,
                    472.0132450331126,
                    42.384105960264904,
                    391.88079470198676,
                    57.615894039735096,
                    307.7748344370861,
                    75.49668874172185,
                    277.3112582781457,
                    90.72847682119205,
                    260.7549668874172,
                    115.89403973509934,
                    239.56291390728478,
                    145.03311258278146,
                    207.7748344370861,
                    197.35099337748343,
                    189.89403973509934,
                    231.78807947019868,
                    173.33774834437085,
                    260.92715231788077,
                    164.72847682119206,
                    292.71523178807945,
                    179.2980132450331,
                    309.9337748344371
                ]
            ],
            "iscrowd": 0,
            "area": 83412.78891276696,
            "image_id": 9,
            "bbox": [
                164.0,
                35.0,
                393.0,
                308.0
            ],
            "category_id": 0,
            "id": 15
        },
        {
            "segmentation": [
                [
                    127.46113989637306,
                    28.89637305699482,
                    135.49222797927462,
                    36.15025906735752,
                    143.78238341968913,
                    27.86010362694301,
                    141.1917098445596,
                    22.419689119170982,
                    136.0103626943005,
                    19.05181347150259,
                    130.5699481865285,
                    21.383419689119172
                ]
            ],
            "iscrowd": 0,
            "area": 165.8098203978625,
            "image_id": 10,
            "bbox": [
                127.0,
                19.0,
                16.0,
                17.0
            ],
            "category_id": 0,
            "id": 16
        },
        {
            "segmentation": [
                [
                    586.7727272727273,
                    682.2272727272727,
                    676.5454545454545,
                    712.9090909090909,
                    724.2727272727273,
                    635.6363636363636,
                    748.1363636363636,
                    535.6363636363636,
                    725.4090909090909,
                    517.4545454545455,
                    607.2272727272727,
                    485.6363636363636,
                    584.5,
                    514.0454545454545,
                    540.1818181818181,
                    642.4545454545455,
                    552.6818181818181,
                    654.9545454545455,
                    569.7272727272727,
                    674.2727272727273
                ]
            ],
            "iscrowd": 0,
            "area": 31550.23243801645,
            "image_id": 11,
            "bbox": [
                540.0,
                485.0,
                208.0,
                227.0
            ],
            "category_id": 0,
            "id": 17
        },
        {
            "segmentation": [
                [
                    767.4545454545455,
                    570.8636363636364,
                    735.6363636363636,
                    661.7727272727273,
                    695.8636363636364,
                    722.0,
                    635.6363636363636,
                    706.0909090909091,
                    540.1818181818181,
                    652.6818181818181,
                    549.2727272727273,
                    618.5909090909091,
                    602.6818181818181,
                    472.0,
                    649.2727272727273,
                    490.1818181818182,
                    726.5454545454545,
                    515.1818181818181,
                    767.4545454545455,
                    552.6818181818181
                ]
            ],
            "iscrowd": 0,
            "area": 36980.888429752085,
            "image_id": 11,
            "bbox": [
                540.0,
                472.0,
                227.0,
                250.0
            ],
            "category_id": 0,
            "id": 18
        },
        {
            "segmentation": [
                [
                    51.688311688311686,
                    79.16883116883116,
                    63.63636363636363,
                    75.27272727272727,
                    122.59740259740259,
                    82.28571428571428,
                    132.72727272727272,
                    90.07792207792208,
                    133.24675324675326,
                    111.37662337662337,
                    128.05194805194805,
                    138.1298701298701,
                    118.96103896103895,
                    148.25974025974025,
                    90.9090909090909,
                    150.33766233766232,
                    44.41558441558441,
                    143.32467532467533,
                    39.22077922077922,
                    134.75324675324674,
                    45.97402597402597,
                    81.76623376623377
                ]
            ],
            "iscrowd": 0,
            "area": 6003.137122617634,
            "image_id": 12,
            "bbox": [
                39.0,
                75.0,
                94.0,
                75.0
            ],
            "category_id": 0,
            "id": 19
        },
        {
            "segmentation": [
                [
                    157.66233766233765,
                    75.53246753246754,
                    215.06493506493507,
                    86.96103896103895,
                    234.8051948051948,
                    79.42857142857143,
                    238.44155844155844,
                    29.81818181818182,
                    232.2077922077922,
                    22.285714285714285,
                    211.42857142857142,
                    18.90909090909091,
                    183.89610389610388,
                    19.16883116883117,
                    160.5194805194805,
                    22.8051948051948,
                    157.14285714285714,
                    28.0,
                    154.02597402597402,
                    38.64935064935065,
                    152.2077922077922,
                    55.532467532467535,
                    150.9090909090909,
                    62.02597402597402
                ]
            ],
            "iscrowd": 0,
            "area": 5012.379827964243,
            "image_id": 12,
            "bbox": [
                150.0,
                18.0,
                88.0,
                68.0
            ],
            "category_id": 0,
            "id": 20
        },
        {
            "segmentation": [
                [
                    178.44360902255636,
                    257.1428571428571,
                    187.46616541353382,
                    264.6616541353383,
                    194.98496240601503,
                    262.406015037594,
                    208.5187969924812,
                    245.86466165413532,
                    208.5187969924812,
                    239.84962406015038,
                    199.49624060150376,
                    231.57894736842104,
                    195.73684210526312,
                    230.0751879699248,
                    186.71428571428572,
                    230.0751879699248,
                    184.45864661654133,
                    235.33834586466165,
                    176.93984962406012,
                    245.86466165413532
                ]
            ],
            "iscrowd": 0,
            "area": 748.7704222963657,
            "image_id": 13,
            "bbox": [
                176.0,
                230.0,
                32.0,
                34.0
            ],
            "category_id": 0,
            "id": 21
        },
        {
            "segmentation": [
                [
                    370.9251101321586,
                    51.08370044052863,
                    401.7621145374449,
                    26.414096916299556,
                    393.8325991189427,
                    15.40088105726872,
                    385.4625550660793,
                    7.471365638766521,
                    381.4977973568282,
                    3.066079295154182,
                    375.3303964757709,
                    2.6255506607929533,
                    366.07929515418505,
                    6.590308370044049,
                    355.94713656387665,
                    15.40088105726872,
                    351.98237885462555,
                    22.449339207048453,
                    350.66079295154185,
                    29.93832599118943,
                    355.06607929515417,
                    36.10572687224669,
                    365.19823788546256,
                    47.11894273127753
                ]
            ],
            "iscrowd": 0,
            "area": 1479.5552019251263,
            "image_id": 14,
            "bbox": [
                350.0,
                2.0,
                51.0,
                49.0
            ],
            "category_id": 0,
            "id": 22
        },
        {
            "segmentation": [
                [
                    422.1788079470199,
                    103.38410596026489,
                    434.7615894039735,
                    119.27814569536423,
                    444.6953642384106,
                    129.21192052980132,
                    455.95364238410593,
                    133.84768211920527,
                    471.18543046357615,
                    123.25165562913907,
                    478.4701986754967,
                    115.96688741721854,
                    485.7549668874172,
                    108.01986754966887,
                    483.10596026490066,
                    99.41059602649005,
                    475.158940397351,
                    90.80132450331126,
                    466.5496688741722,
                    84.17880794701986,
                    457.27814569536423,
                    78.21854304635761,
                    451.317880794702,
                    76.23178807947019,
                    434.0993377483444,
                    89.47682119205297
                ]
            ],
            "iscrowd": 0,
            "area": 2188.0619271085015,
            "image_id": 15,
            "bbox": [
                422.0,
                76.0,
                63.0,
                57.0
            ],
            "category_id": 0,
            "id": 23
        },
        {
            "segmentation": [
                [
                    110.9205298013245,
                    154.37748344370863,
                    133.43708609271522,
                    136.49668874172187,
                    149.9933774834437,
                    110.00662251655629,
                    120.8543046357616,
                    82.19205298013244,
                    112.90728476821192,
                    79.54304635761588,
                    93.70198675496688,
                    90.80132450331126,
                    86.41721854304636,
                    102.05960264900662,
                    78.47019867549669,
                    115.3046357615894,
                    84.43046357615894,
                    125.23841059602648
                ]
            ],
            "iscrowd": 0,
            "area": 3090.8732073154606,
            "image_id": 15,
            "bbox": [
                78.0,
                79.0,
                71.0,
                75.0
            ],
            "category_id": 0,
            "id": 24
        },
        {
            "segmentation": [
                [
                    266.1835748792271,
                    150.72463768115944,
                    273.42995169082127,
                    147.82608695652175,
                    286.95652173913044,
                    130.43478260869566,
                    279.22705314009664,
                    118.35748792270532,
                    269.08212560386477,
                    110.62801932367151,
                    263.768115942029,
                    114.0096618357488,
                    255.55555555555557,
                    122.70531400966185,
                    251.69082125603867,
                    130.9178743961353,
                    253.14009661835752,
                    137.68115942028987
                ]
            ],
            "iscrowd": 0,
            "area": 857.196200611419,
            "image_id": 16,
            "bbox": [
                251.0,
                110.0,
                35.0,
                40.0
            ],
            "category_id": 0,
            "id": 25
        },
        {
            "segmentation": [
                [
                    395.0,
                    48.69696969696969,
                    428.3333333333333,
                    82.03030303030303,
                    461.66666666666663,
                    59.30303030303028,
                    435.9090909090909,
                    27.484848484848484
                ]
            ],
            "iscrowd": 0,
            "area": 1858.3562901744735,
            "image_id": 17,
            "bbox": [
                395.0,
                27.0,
                66.0,
                55.0
            ],
            "category_id": 0,
            "id": 26
        },
        {
            "segmentation": [
                [
                    708.6363636363636,
                    833.5454545454545,
                    711.6666666666666,
                    930.5151515151515,
                    911.6666666666666,
                    1006.2727272727273,
                    1231.3636363636363,
                    1051.7272727272727,
                    1454.090909090909,
                    1060.8181818181818,
                    1485.9090909090908,
                    1051.7272727272727,
                    1481.3636363636363,
                    963.8484848484848,
                    1438.9393939393938,
                    812.3333333333333,
                    1307.121212121212,
                    794.1515151515151,
                    1001.060606060606,
                    757.7878787878788,
                    935.9090909090909,
                    754.7575757575758,
                    904.090909090909,
                    753.2424242424242,
                    869.2424242424242,
                    766.8787878787879,
                    838.9393939393939,
                    786.5757575757575,
                    781.3636363636364,
                    816.8787878787879
                ]
            ],
            "iscrowd": 0,
            "area": 179093.20477502327,
            "image_id": 17,
            "bbox": [
                708.0,
                753.0,
                777.0,
                307.0
            ],
            "category_id": 0,
            "id": 27
        },
        {
            "segmentation": [
                [
                    746.5151515151515,
                    888.090909090909,
                    1166.2121212121212,
                    986.5757575757575,
                    1388.9393939393938,
                    1003.2424242424242,
                    1475.3030303030303,
                    991.121212121212,
                    1440.4545454545455,
                    836.5757575757575,
                    1381.3636363636363,
                    804.7575757575758,
                    1095.0,
                    768.3939393939394,
                    943.4848484848484,
                    754.7575757575758,
                    878.3333333333333,
                    762.3333333333333,
                    811.6666666666666,
                    797.1818181818181,
                    725.3030303030303,
                    835.060606060606,
                    708.6363636363636,
                    851.7272727272726
                ]
            ],
            "iscrowd": 0,
            "area": 127139.57759412285,
            "image_id": 17,
            "bbox": [
                708.0,
                754.0,
                767.0,
                249.0
            ],
            "category_id": 0,
            "id": 28
        },
        {
            "segmentation": [
                [
                    206.77966101694915,
                    221.4689265536723,
                    330.50847457627117,
                    334.4632768361582,
                    354.8022598870056,
                    331.638418079096,
                    374.5762711864407,
                    322.03389830508473,
                    480.225988700565,
                    207.34463276836158,
                    491.52542372881356,
                    182.4858757062147,
                    488.135593220339,
                    161.5819209039548,
                    481.92090395480227,
                    143.50282485875707,
                    378.5310734463277,
                    40.112994350282484,
                    361.5819209039548,
                    31.638418079096045,
                    332.7683615819209,
                    24.858757062146893,
                    312.42937853107344,
                    28.8135593220339,
                    299.43502824858757,
                    39.548022598870055,
                    223.72881355932202,
                    117.51412429378531,
                    212.99435028248587,
                    132.20338983050848,
                    198.3050847457627,
                    148.58757062146893,
                    190.96045197740114,
                    175.1412429378531,
                    196.045197740113,
                    200.56497175141243
                ]
            ],
            "iscrowd": 0,
            "area": 58361.58192090393,
            "image_id": 18,
            "bbox": [
                190.0,
                24.0,
                301.0,
                310.0
            ],
            "category_id": 0,
            "id": 29
        },
        {
            "segmentation": [
                [
                    28.444444444444443,
                    61.77777777777777,
                    46.22222222222222,
                    81.22222222222223,
                    57.888888888888886,
                    78.44444444444443,
                    76.77777777777777,
                    54.55555555555556,
                    58.44444444444444,
                    36.222222222222214,
                    48.44444444444444,
                    32.888888888888886,
                    42.333333333333336,
                    39.0,
                    26.22222222222222,
                    52.888888888888886
                ]
            ],
            "iscrowd": 0,
            "area": 1448.4567901234568,
            "image_id": 19,
            "bbox": [
                26.0,
                32.0,
                50.0,
                49.0
            ],
            "category_id": 0,
            "id": 30
        },
        {
            "segmentation": [
                [
                    946.5151515151515,
                    285.57575757575756,
                    966.2121212121211,
                    326.48484848484844,
                    1004.090909090909,
                    306.78787878787875,
                    984.3939393939394,
                    267.3939393939394
                ]
            ],
            "iscrowd": 0,
            "area": 1893.9393939394504,
            "image_id": 20,
            "bbox": [
                946.0,
                267.0,
                58.0,
                59.0
            ],
            "category_id": 0,
            "id": 31
        },
        {
            "segmentation": [
                [
                    326.62626262626264,
                    292.95959595959596,
                    336.72727272727275,
                    315.1818181818182,
                    364.0,
                    337.4040404040404,
                    390.2626262626262,
                    361.64646464646466,
                    415.5151515151515,
                    353.5656565656566,
                    443.7979797979798,
                    323.26262626262627,
                    464.0,
                    301.04040404040404,
                    469.0505050505051,
                    281.8484848484849,
                    451.8787878787879,
                    258.6161616161616,
                    432.6868686868687,
                    240.43434343434345,
                    409.4545454545455,
                    228.31313131313132,
                    396.32323232323233,
                    221.24242424242425,
                    380.16161616161617,
                    223.26262626262627,
                    360.969696969697,
                    237.40404040404042,
                    344.80808080808083,
                    257.6060606060606,
                    336.72727272727275,
                    271.74747474747477
                ]
            ],
            "iscrowd": 0,
            "area": 12700.234669931699,
            "image_id": 21,
            "bbox": [
                326.0,
                221.0,
                143.0,
                140.0
            ],
            "category_id": 0,
            "id": 32
        },
        {
            "segmentation": [
                [
                    588.9393939393939,
                    270.42424242424244,
                    638.9393939393939,
                    221.93939393939394,
                    595.0,
                    185.57575757575756,
                    551.060606060606,
                    235.57575757575756
                ]
            ],
            "iscrowd": 0,
            "area": 3686.8686868686927,
            "image_id": 22,
            "bbox": [
                551.0,
                185.0,
                87.0,
                85.0
            ],
            "category_id": 0,
            "id": 33
        }
    ]
}